name,page_title
Arx Corinium,Online:Arx Corinium
The Banished Cells I,Online:The Banished Cells I
The Banished Cells II,Online:The Banished Cells II
Blackheart Haven,Online:Blackheart Haven
Blessed Crucible,Online:Blessed Crucible
City of Ash I,Online:City of Ash I
City of Ash II,Online:City of Ash II
Crypt of Hearts I,Online:Crypt of Hearts I
Crypt of Hearts II,Online:Crypt of Hearts II
Darkshade Caverns I,Online:Darkshade Caverns I
Darkshade Caverns II,Online:Darkshade Caverns II
Direfrost Keep,Online:Direfrost Keep
Elden Hollow I,Online:Elden Hollow I
Elden Hollow II,Online:Elden Hollow II
Fungal Grotto I,Online:Fungal Grotto I
Fungal Grotto II,Online:Fungal Grotto II
Selene's Web,Online:Selene's Web
Spindleclutch I,Online:Spindleclutch I
Spindleclutch II,Online:Spindleclutch II
Tempest Island,Online:Tempest Island
Vaults of Madness,Online:Vaults of Madness
Volenfell,Online:Volenfell
Wayrest Sewers I,Online:Wayrest Sewers I
Wayrest Sewers II,Online:Wayrest Sewers II